source_index,party,speech,zero_shot_raw,zero_shot_prediction,few_shot_raw,few_shot_prediction
318,Labour,"Many in Newport West were delighted by the election of Joe Biden and Kamala Harris, and I for one was among them. The Minister will know that the American Government have taken action where we have not, so can the Minister be clear? He has already been asked the question, but I was not clear on his answer. Does he intend to bring forward further sanctions on other entities and more senior individuals in relation to the appalling situation in Xinjiang? A simple yes or no will do.",Conservative Labour Scottish National Party Liberal Democrat,__INVALID__,Conservative Labour Scottish National Party Liberal Democrat,__INVALID__
62,Conservative,"We and the Crown Prosecution Service are working tirelessly with criminal justice partners to improve the handling of these sensitive cases. Over the last four quarters, we have seen the charging and conviction rates in rape cases continue to increase. This year, the CPS published its own rape strategy, updated rape legal guidance and training, is actively engaging in the Government rape review and will shortly be publishing a joint action plan on rape with the police.",Conservative Labour,__INVALID__,Conservative Labour Scottish National Party Liberal Democrat,__INVALID__
178,Conservative,What steps she is taking to ensure that her policies are informed by robust evidence.,Conservative Labour Scottish National Party Liberal Democrat,__INVALID__,Conservative Labour Scottish National Party Liberal Democrat,__INVALID__
253,Conservative,"The United Kingdom of England, Ireland, Scotland and Wales is the most successful union of nations the world has known. The Bill will ensure that we continue to thrive as a United Kingdom and that unfettered trade across our four nations continues. 
 I oppose the Opposition amendments to clauses 46 and 47, although I hear the reasoned speech from my hon. Friend the Member for Belfast East (Gavin Robinson). It is essential that the UK Government have powers to provide financial assistance for economic development throughout the UK, as has been vital during coronavirus and our recovery from the pandemic. The existing clauses will help the Government to deliver on our commitments to replace EU funding programmes, including by delivering a shared prosperity fund to replace the bureaucratic EU structural funds. 
 The clauses are consistent with the Government’s levelling-up agenda throughout the whole UK. They better position England, Ireland, Scotland and Wales to take advantage of opportunities for future growth and develop our place in the world as a united and independent nation. Our nations — all of them — require investment in and support for our communities, businesses, infrastructure, sport, education and training, among many other policy areas. The Bill will create new opportunities for the Government to do that.",Conservative Labour,__INVALID__,Conservative Labour,__INVALID__
112,Labour,"It is nice to be informed, nice to be consulted and nice to be able to scrutinise, but in the end it is about who decides. Can the Secretary of State explain why he is so against Parliament’s making the decision, even if he argues for urgency and immediacy — within two days, for example — to either confirm or revoke those regulations? Why is he against Parliament’s being the one that finally decides on this? It is quite clear that this is not even being decided in Cabinet, but just by one or two Cabinet members. Let Parliament decide.",Conservative Labour Scottish National Party Liberal Democrat,__INVALID__,Conservative Labour Scottish National Party Liberal Democrat,__INVALID__
317,Conservative,"The Department is committed to delivering an improved benefit system for claimants nearing the end of their lives, and we are working across government to bring forward changes.",Conservative Labour Scottish National Party Liberal Democrat,__INVALID__,Conservative Labour Scottish National Party Liberal Democrat,__INVALID__
18,Conservative,"I join my right hon. Friend in paying tribute to Baroness Sugg, a terrific Minister who will be greatly missed. I congratulate my right hon. Friend on her appointment as the UK’s international champion on various climate change issues. With her expertise, passion and dedication, she makes an excellent case for taking a more strategic approach, not only in relation to the ODA spend that derives from the FCDO, but looking right across the piece, across Whitehall, to ensure that it is allocated in the areas where it has the greatest life-changing impact. We will do that on climate change and biodiversity, and on girls’ education and helping the very poorest around the world.",Conservative Labour Scottish National Party Liberal Democrat,__INVALID__,Conservative Labour,__INVALID__
392,Conservative,"At such meetings, will my right hon. Friend raise the issue of food producers in Great Britain already having had their standards approved by the BRCGS, under the global standards for food safety? When they are approved at the place of manufacture, there is no need to check each and every case of food products when they reach Northern Ireland. We could, thus, end the totally unnecessary disruption when they reach those ports and the delays to fresh food.",Conservative Labour Scottish National Party Liberal Democrat,__INVALID__,Conservative Labour Scottish National Party Liberal Democrat,__INVALID__
310,Labour,"I am grateful to the Secretary of State for his unequivocal indication that he condemns this practice. If that is so, will he legislate to outlaw it once and for all? We will support him if he does.",Conservative Labour Scottish National Party Liberal Democrat,__INVALID__,Conservative Labour Scottish National Party Liberal Democrat,__INVALID__
87,Labour,"It is great to see my hon. Friend the Member for Cardiff Central (Jo Stevens) back in her place. 
 In the brief time that I have, I want to focus on the night-time economy and on what we need to do so to support night-time venues; most have not been able to operate at all for almost a year, and I would argue that they have gone under the Government’s radar. As welcome as the culture recovery fund was, it has had a limited impact, particularly on nightclubs. Nightlife and music venues are the beating heart of our town and city centres, and support so many other businesses in their ecosystems and supply chains. I worked in the music business, and nightclubs in particular, for more than 20 years. I also worked at festivals, and add my voice to the festival industry’s plea for an insurance safety net scheme for large events. If there is one single measure that can help to allow a summer of culture and creativity, it is that one. 
 I have seen close up the joy and sense of community that nightclubs and music venues bring. I have also seen the massive £66 billion contribution of the night-time industry to our economy. I am chair of the all-party parliamentary group for the night time economy, and just before Christmas we launched an inquiry to look at the effects of the pandemic on night-time industries. Remarkably, we received over 20,000 responses from businesses, employees, freelance workers, customers, industry organisations and local authorities. We found that, without urgent Government support, night-life businesses could well be lost. 
 We are at a critical point. Lots of venues have just about survived, but they are racking up debts on costs like rent and utilities, and just need some help to get them through until they can fully reopen. I fervently hope that tomorrow we will see an extension of business support, including business rates relief and VAT reduction. We need some sector-specific grants until businesses can fully reopen. We also need a solution for the amassed commercial debt, whether that is a shared burden approach to debt, as we have seen in other countries, or a long-term restructuring so that debt does not need to be paid off until businesses are able to do so in the long term. Of course, we also need furlough extension and help for those excluded individuals. 
 The Government have set out the road map to reopening, which the night-time venues have cautiously welcomed. But it is one thing to be able to open and another to be able to do so at a capacity that makes it viable, so it is really important that the Government consult and engage quickly with the sector on testing, capacity restrictions and whatever other mitigations can allow venues to reopen. The events research programme also has to be carried out in close partnership with the brilliant, creative people in the industry. 
 It feels like the end is in sight, but this is a really important moment. We have a crucial job just to get our businesses through the next few months until they are able to reopen. We cannot let these vital businesses and venues fold; we cannot jeopardise our wider economic recovery that they are so important to; and we cannot have our towns and city centres becoming ghost towns.",Conservative Labour,__INVALID__,Conservative Labour,__INVALID__
22,Conservative,"Article 31 of the refugee convention, to which I think the hon. and learned Lady was referring, makes it clear that the prohibition on criminalisation of entry applies only to people who are directly — I use the word “directly” — entering a state from somewhere that is unsafe. I respectfully point out that France is not unsafe; France is a safe country. 
 On the hon. and learned Lady’s question about safe and legal routes, there are a large number of such routes and around about half the people who come here to claim asylum already do so via legal routes. In addition to that, for the past five years we have been running the resettlement programme, taking people directly from conflict zones — for example, Syria — and bringing them to the United Kingdom. Over that five-year period some 25,000 people, half of whom are children, have come via the resettlement route. The resettlement route — a safe and legal route of the kind for which the hon. and learned Lady calls — is the largest resettlement programme of any European country. We have a proud record of supporting people in genuine need and we will continue to do so. 
 On the hon. and learned Lady’s last question, I of course completely support the Home Secretary and we will continue to fight vexatious, last-minute legal claims when it is appropriate to do so.",Conservative Labour,__INVALID__,Conservative Labour,__INVALID__
116,Conservative,"Yes, absolutely. The hon. Lady is right to raise the concerns in Warrington about the increase in the number of people testing positive. I am happy to work with her, Warrington Borough Council and my hon. Friend the Member for Warrington South (Andy Carter) to ensure that we get the best possible response, including putting in that extra testing.",Conservative Labour Scottish National Party Liberal Democrat,__INVALID__,Conservative Labour Scottish National Party Liberal Democrat,__INVALID__
151,Conservative,"More than 1 million fellow citizens have recovered after testing positive for covid-19. On 2 November, The BMJ reported that all those people will have protection from their T cells, which will ensure that they cannot be reinfected for at least six months. In light of that, will my right hon. Friend follow the example of Sweden and exempt from all the covid regulations those who have tested positive within the past six months and thereby show that he is following the science and also common sense?",Conservative Labour,__INVALID__,Conservative Labour,__INVALID__
187,Conservative,"The Secretary of State and I have had regular discussions with Welsh Ministers, including the First Minister, on a wide range of matters, including preparations for the end of the transition period. Preparations for the end of the year are well advanced, and build on the plans that we had in place for a no-deal scenario in 2019.",Conservative Labour Scottish National Party Liberal Democrat,__INVALID__,Conservative Labour Scottish National Party Liberal Democrat,__INVALID__
244,Conservative,"I am slightly mystified by the hon. Lady’s attempt at surprise, not least because I think there was an exchange at this Dispatch Box some months ago when we discussed the serious violence taskforce, and, indeed, there have been previous questions. The Prime Minister — given that he had been a renowned crime-fighting Mayor — decided on coming to office that he wanted to take leadership of the crime effort himself, so we created the criminal justice taskforce. Beneath that sits the National Policing Board, and a performance board sits beneath that. That is all focused largely on fighting violent crime. 
 Our commitment to fighting violent crime remains strong. Just this morning, I was able to announce an extra £35 million of funding into violence reduction units, a very large proportion of which will obviously come to London. Both the Prime Minister and I have experience of fighting crime, and along with the Home Secretary — who was previously chair of the all-party parliamentary group on victims and witnesses of crime — have shown enormous commitment to this issue over a prolonged period, and that will continue into the future.",Conservative Labour,__INVALID__,Conservative Labour,__INVALID__
353,Labour,What steps the Government are taking to promote climate action and a green recovery from the covid-19 pandemic ahead of COP26. ,Conservative Labour Scottish National Party Liberal Democrat,__INVALID__,Conservative Labour Scottish National Party Liberal Democrat,__INVALID__
155,Conservative,"I highly, 100%, wholeheartedly agree with my right hon. Friend. The model that we established in the vaccines taskforce — of the holy trinity of business, academia and civil service colleagues working together as one team — was learned from reforms from his time in government. It has worked incredibly well, and I think will do as well in the future. 
 We also apply that approach to therapeutics, and one of the reasons, alongside the NHS, why we are the only country in the world that has participated in the discovery of all the current therapeutics is our use of that approach. Obviously we are driving it further, and I would be very happy to discuss it with my right hon. Friend.",Conservative Labour,__INVALID__,Conservative Labour,__INVALID__
278,Conservative,"I do indeed congratulate Randox and all the other businesses involved. We are massively expanding testing the whole time. It is very important for the House to understand that testing alone cannot fix this problem. There is a hiatus in the logic of the attacks that are sometimes mounted. The problem we have in the spread of this virus is that, alas, a minority of people have not been following the guidance in the way they might have done. What we are trying to do now is to get everybody to focus on the rules and the guidance, to enforce it strictly and to get the R down.",Conservative Labour,__INVALID__,Conservative Labour Scottish National Party Liberal Democrat,__INVALID__
192,Scottish National Party,"Thank you, Madam Deputy Speaker. I must say that this is the first time I have ever had the chance to get my red pen out and add to my notes, rather than having to scrub notes out frantically. It is a pleasure to follow the right hon. Member for Ludlow (Philip Dunne), the Chair of the Environmental Audit Committee. 
 COP26 is clearly the most important COP since Paris, and it is critical for our net zero commitments. It is a chance for the UK to be on the world stage, but we have to ask whether matters are in hand. If we look at the Cabinet Office estimates, I would suggest not. We know that the Cabinet Office COP26 budget for this financial year was revised down from £216 million to just £22 million due to the postponement, but what has been achieved to date with that expenditure? What will the future budget look like? We do not really know, which in itself shows the entire farce of the estimates process. 
 Has the memorandum of understanding between Police Scotland and the UK Government been signed off, underwriting the estimated £180 million policing cost? Where is the budget line for that? We can still recall that the Home Office did not stump up for the Lib Dems’ party conference in Glasgow in 2013, which left Police Scotland £800,000 out of pocket. It is critical that the Police Scotland budget is not affected. 
 As a member of the BEIS Committee, I was pleased to take part in an inquiry about the COP26 preparations. The hon. Member for Bristol North West (Darren Jones) has covered it admirably, but I will reiterate some key recommendations that need to be considered. First, we need to ensure that the correct resource allocation from the civil service is in place. That needs a real focus from the Cabinet Office, not its current obsession with Union units. In the last couple of years, the Cabinet Office has also been a propaganda unit — first for Brexit, now the Union. Let us get a focus on COP26, which is a real priority. 
 We need to put in place measurable outcomes of success. The Committee has also suggested that parliamentary engagement needs to extend to the devolved legislatures, as well as the Westminster process. That brings us to the fact that leaders and relevant Ministers of the devolved Governments should form part of the UK delegation, as well as Opposition MPs. Let us show inclusivity as part of COP26, whatever Governments elsewhere do — but that will take real leadership from the COP26 President, given that we know the Prime Minister’s view on Scottish devolution. 
 We need the UK Government to set the sixth carbon budget as soon as possible, incorporating the recommendations of the Committee on Climate Change in full. Serious consideration needs to be given to resetting the fifth carbon budget, which currently is not aligned to net zero. 
 Something else that I will throw into the mix is reconsidering the cuts to the foreign aid budget. As the right hon. Member for Ludlow pointed out, a lot of finance needs to be mobilised to help developing countries. We have started to debate the damage and loss going forward. It sends completely the wrong message that the UK, as the host country, is cutting its foreign aid to the poorest countries in the world. 
 Clearly covid has been an overriding UK Government priority, and they have to deal with an emergency, but it feels as if the extra time gained from the postponement has not been put to full use. We need more information on the preparations. Certainly we need some kind of decision-making timeline made available that ties in with public health assessments, and plans to ensure that no countries are left out going forward. We really need more progress on the agreement over the nationally determined contributions. It is critical that all spend associated with the preparations is transparent. There can be no more lucrative contracts for friends and cronies. 
 Leading by example also means having proper domestic policies in place, just as the Scottish Government have. It is a terrible state of affairs that we are still awaiting the heat and building strategy and we are still awaiting the hydrogen strategy. It should be noted that the Scottish Government have a 5 GW hydrogen production target, which is the same as the UK’s, so Scotland is showing much more ambition. Again, Scotland has a transport decarbonisation plan in place for a net zero target of 2035, but we are still awaiting the UK Government’s transport decarbonisation plan. 
 Without these key policies, there is no net zero strategy, and policies without funding commitments are effectively redundant. While there is a 10-point plan with a figure of 600,000 heat pump installations a year, this means nothing without a funded programme to back it up. That programme needs to be aligned with energy-efficient installations and should start targeting off-grid properties. There are 3,000 deaths a year in the UK related to fuel poverty, so the UK Government also need to invest far more directly in energy efficiency and demonstrate a net zero transition that will not push up energy bills and create more fuel poverty. 
 When it comes to transport, Scotland can demonstrate the world’s first hydrogen double-decker buses. The Scottish Government have facilitated orders for electric and hydrogen buses from Alexander Dennis Ltd. Where is the UK Government’s national bus strategy? This is the type of leadership and joined-up thinking that is lacking at the moment. 
 I would ask the UK Government to be bold, and to abandon nuclear. This is not going to be the technology saviour they demonstrate to the rest of the world. We still cannot deal with nuclear waste, so we really do need to move away from this. Ahead of COP26, they should give sign-off for pumped-storage hydro. Floating offshore wind, green hydrogen, and wave and tidal technologies are the renewable technologies to focus on, so can we confirm ring-fenced contracts for difference pots for those? We should look at innovation in power purchase agreements for smaller marine projects to allow them to get to market. 
 Those are technologies that the UK and in particular Scotland, as the host country, can show to the world and be part of a coherent plan for an energy strategy. We need to be able to demonstrate it as part of the overall plan to lead other countries and make COP26 a real success. There is a lot of work to do in domestic policy and a lot of work in the negotiations that lie ahead of COP26 to make it a success.",Conservative Labour,__INVALID__,Conservative Labour,__INVALID__
133,Labour,After the “News at Ten” exposé of foxhunters discussing how to put up the smokescreen of trail hunting when foxhunts break the law — exemptions that they describe as a “good wheeze” — is the Environment Secretary satisfied that the Hunting Act 2004 is as strong as it needs to be to stop illegal hunting? I am not.,Conservative Labour,__INVALID__,Conservative Labour,__INVALID__
235,Conservative,"I thank my very good right hon. Friend for his question. The simple answer relating to Northern Ireland is that the legacy issues, very much in the news at the moment, are subject to separate work being led by the Northern Ireland Office, and the Ministry of Defence made it clear to me and the other members of the Committee that that would not be within the scope of this Bill. We divided on that at the beginning of the session. For me personally, the wider issues relating to Northern Ireland and care, and the provisions of the covenant, are catered for in this Bill. I am pleased that the implementation of the armed forces covenant in statute is very much the core feature of this Bill and will happen, for the benefit of all those in Northern Ireland and elsewhere.",Conservative Labour,__INVALID__,Conservative Labour,__INVALID__
186,Labour,"Last week, the Chancellor said he wanted to “level with” the public. He mentioned a moment ago that he wanted to take an honest approach. Well, the head of the NHS just confirmed that he budgeted for the 2.1% pay rise that nurses expected, so we need a straight answer now from the Chancellor: why do the Conservatives believe that our nurses are worth less now than they were before the pandemic?",Conservative Labour,__INVALID__,Conservative Labour,__INVALID__
226,Conservative,"As the hon. Gentleman knows, we have given substantial sums — £380 million already — to provide meals for kids in need of free school meals in these difficult times, and we will continue, through universal credit and other support, to help families across this country throughout this crisis.",Conservative Labour Scottish National Party Liberal Democrat,__INVALID__,Conservative Labour Scottish National Party Liberal Democrat,__INVALID__
164,Conservative,"The hon. Lady makes an important point. First, may I place on record my thanks to Sir Alex Allan for his contribution both in that role and previously in public service? We are seeking to find someone who is suitably independent, experienced and authoritative for this critical role. I would be delighted to work with the hon. Lady to ensure that the broadest possible range of candidates can be identified, and that whoever is put forward for that role can appropriately be scrutinised by the House to ensure that we can satisfy ourselves about their appropriateness for the role.",Conservative Labour Scottish National Party Liberal Democrat,__INVALID__,Conservative Labour Scottish National Party Liberal Democrat,__INVALID__
436,Conservative,"My hon. Friend, who is an experienced family practitioner of many years’ standing, will know from her professional experience that, while the proper use of legal process to make legitimate claims is at the heart of our rule of law, it should sadden all of us if we see attempts being made to delay and frustrate that process by the use of procedures that, frankly, are otiose and do not add to the fairness or justice of proceedings but rather detract from the overall outcome and the fairness of it. 
 My hon. Friend is right to make the point that successive Governments, including the one in which the right hon. Member for Tottenham (Mr Lammy) served, have argued, sometimes very passionately, in favour of quite wide-ranging ouster clauses in order to achieve a higher degree of legal certainty. That was what happened back in 2003, when the right hon. Gentleman was in government. What we need to do now is avoid having those arguments in future, with overly wide ouster clauses, and find a proper modus vivendi, whereby they can be used proportionately in a way that will not offend the courts.",Conservative Labour Scottish National Party Liberal Democrat,__INVALID__,Conservative Labour Scottish National Party Liberal Democrat,__INVALID__
237,Labour,"In 1962, Dean Acheson, the former Secretary of State, said: 
 “Great Britain has lost an empire and has not yet found a role.” 
 In the 1960s, we concentrated our efforts in defence and foreign policy on protecting western Europe during the cold war and on our commitments to NATO. The integrated review was billed as a way of the Government defining what was meant by global Britain. The review is ambitious, but in a lot of ways, it looks backwards to an age with a certain amount of sentimentality and a rose-tinted view of Britain’s place in the world, without the resources to meet the ambition it outlines. In the maritime space, for example, we have a situation where global Britain is going to be projected by only 19 capital ships, and possibly fewer than that, throughout the mid-2020s. In order to have credibility, global Britain will also conduct operations in areas of the world in which we have never done operations before. We cannot do that without resources and without the people to do that. 
 I just ask the Government to be honest with the British people. If this integrated review is to be enacted, it needs the resources behind it, but I am concerned that in the race for the Government to meet this nostalgic view of Britain’s place in the world, they will take their eye off the real ball, which is our commitment to NATO and the north Atlantic and the main threat, which everyone agrees is there today — we have seen it today in Ukraine — which is from Russia. We cannot do that without the resources or the people. 
 Given this Government’s track record in coalition and in Government, the integrated review did not come from a standing start; it was from a start that has seen cuts to the defence budget that mean it is 5% lower than it was in real terms in 2010. 
 I will finish by saying this: we are all proud of our men and women in our armed forces, but we should not make them empty promises that we cannot deliver. We certainly should not have a situation where we ask them to do things without the resources and the capabilities that they rightly deserve.",Conservative Labour,__INVALID__,Conservative Labour,__INVALID__
31,Conservative,rose — ,Conservative Labour Scottish National Party Liberal Democrat,__INVALID__,Conservative Labour,__INVALID__
372,Conservative,"I very much wish to start by thanking all those who work in our schools, colleges, early years settings and universities for the work they have been doing over the past few weeks to ensure that youngsters and people of all ages who are using our education establishment get the very best education. In the light of the ongoing coronavirus pandemic, we have confirmed that GCSE, A-level and AS-level exams will not be going ahead as planned this summer. This year’s grades will be awarded based on the judgment of teachers, not algorithms. I am pleased to confirm that Ofqual, with the Department, has launched a two-week consultation to seek views on how to fairly award all pupils, including private candidates and students taking vocational qualifications, the grades they truly deserve.",Conservative Labour,__INVALID__,Conservative Labour Scottish National Party Liberal Democrat,__INVALID__
148,Conservative,What steps he is taking to help protect communities against flooding. ,Conservative Labour Scottish National Party Liberal Democrat,__INVALID__,Conservative Labour Scottish National Party Liberal Democrat,__INVALID__
223,Conservative,"May I first place on record my sincere thanks to my hon. Friend the Member for Peterborough (Paul Bristow) for holding this debate? He has homed in on an issue that wreaks havoc in my constituency and, as evidenced by the debate, in constituencies across the nation. 
 Oh, I must speak frankly, Madam Deputy Speaker: fly-tipping doesn’t half get on my wick! I have absolutely no desire to talk around it. If someone fly-tips in their community, they are a criminal, and they must be treated as such. It is the epitome of selfishness, mindlessness and idleness. There is no excuse for dumping waste on other people’s doorsteps or in some of our treasured green spaces. In some cases, it is harmful to our natural environment and wildlife. In all cases, it is left to somebody else to clean it up. I know that my local authority does all it can to catch those who dump or drop and run. In the last week, my council has collected 21 mattresses from one estate. 
 Solving the issue is about making individuals who do not think at all to think twice. We have tough penalties at our disposal, but all too often, they are not applied. The guidance is not clear, and we need to give our councils the guidance and the structure they need to know that they can go and whack these people in the pocket. I must confess that, in the white heat of frustration about this issue, I have occasionally thought that those who fly-tip should have their dumpings unceremoniously returned to their doorsteps. However, I concede that when they go low, we should go high — and that should be high fines. Let us hit them in the pocket, making use of the £50,000 maximum fine.",Conservative Labour,__INVALID__,Conservative Labour,__INVALID__
203,Conservative,"We have chosen to focus both the grant scheme and the financing arrangements on cladding. That is for good reason, because the expert advice that we have received from the independent panel has consistently been that cladding is the greatest danger that needs to be combated. There may be other defects in buildings, and they will vary widely from building to building. They will have to be a matter for the building owner and for the homeowner. We, as a Government, are going to tackle the big issue here, which is cladding. We are going to end the cladding scandal that began with the Grenfell Tower tragedy.",Conservative Labour,__INVALID__,Conservative Labour Scottish National Party Liberal Democrat,__INVALID__
1,Labour,"I am now beginning to share the indignation of my hon. Friend on the Front Bench, because we have gone through a process from “eff business” to an “oven-ready” deal that frankly was not oven-ready, and now we have businesses waiting, as my right hon. Friend the Member for Leeds Central (Hilary Benn) says, to find out what is looming upon us in 39 days, and there is still no absolute clarity. Does my hon. Friend agree that the real problem is that the progression is getting steadily worse, with steadily more disrespect for the business that pays the bills of this country?",Conservative Labour Scottish National Party Liberal Democrat,__INVALID__,Conservative Labour Scottish National Party Liberal Democrat,__INVALID__
428,Conservative,"I have regular discussions with my ministerial colleagues, including the Chancellor, on all aspects of the impact of the coronavirus pandemic in Scotland. We have taken substantial action to support the economy from the shock of covid-19 — for example, more than 65,000 businesses in Scotland have benefited from more than £2.3 billion of support through Government-supported loan schemes.",Conservative Labour,__INVALID__,Conservative Labour,__INVALID__
279,Conservative,"I echo my hon. Friend’s words and those of other Members who have praised the very hard work of all our DWP staff, especially of course in Bolton and Leigh. They include an additional new 41 work coaches recruited for jobcentres that serve my hon. Friend’s constituency. Thanks to their efforts, the kickstart scheme has so far seen the development of more than 300 roles across more than 50 employers in the Bolton and Prestwich area.",Conservative Labour Scottish National Party Liberal Democrat,__INVALID__,Conservative Labour Scottish National Party Liberal Democrat,__INVALID__
257,Labour,May I ask the Secretary of State how she can agree the terms of a trade deal with the United States Government when neither they nor we currently know the extent to which the UK’s regulatory framework will be permitted to diverge from the European Union’s?,Conservative Labour Scottish National Party Liberal Democrat,__INVALID__,Conservative Labour Scottish National Party Liberal Democrat,__INVALID__
303,Conservative,"I sincerely thank Ministers for the substantial financial support they have given to local government at this difficult time. May I appeal to them to continue that, not least to enable local authorities to play their part in supporting people to live healthier lives with more exercise and recreation, so that we can generate the broader health recovery that this outbreak tells us we need?",Conservative Labour,__INVALID__,Conservative Labour Scottish National Party Liberal Democrat,__INVALID__
14,Scottish National Party,rose — ,Conservative Labour Scottish National Party Liberal Democrat,__INVALID__,Conservative Labour,__INVALID__
76,Conservative,"Rolls-Royce is a very important manufacturer throughout the UK, not least in Derby, where it employs more than 12,000 people. Will my right hon. Friend assure me that whenever the Government help Rolls-Royce, all money spent will directly support the recovery of domestic civil aerospace manufacturing?",Conservative Labour,__INVALID__,Conservative Labour,__INVALID__
36,Scottish National Party,"Around 250,000 businesses export to the EU and not to the rest of the world. Many of them are small, not VAT-registered and difficult to reach, and to continue to trade they will need to go through a long and tedious process to acquire an economic operator registration and identification number. As the party that wants to reduce red tape, what action are the Government taking to reduce the administrative burden to ensure that SMEs can continue, or start, to export into Europe but do not suffer disproportionately from a madcap Brexit?",Conservative Labour,__INVALID__,Conservative Labour,__INVALID__
294,Conservative,That decision was taken in consultation and agreement with the local area. Part of the work with local areas on this has been to agree the exact details of the package in level 3.,Conservative Labour Scottish National Party Liberal Democrat,__INVALID__,Conservative Labour Scottish National Party Liberal Democrat,__INVALID__
213,Conservative,"I thank my hon. Friend for giving way. I am just down the corridor from him in 1 Parliament Street, and I can confirm that he does indeed have all manner of pets in his office on the estate.",Conservative Labour Scottish National Party Liberal Democrat,__INVALID__,Conservative Labour Scottish National Party Liberal Democrat,__INVALID__
211,Scottish National Party,"In the worst-case scenario that the Secretary of State outlined, on the basis of no employment Bill, which the Government had committed to, and the European Union looking to strengthen workers’ rights for zero-hours contract workers, agency workers and those workers susceptible to short-term shift changes, are the Government still committed to at least matching the employment protections of the European Union?",Conservative Labour,__INVALID__,Conservative Labour,__INVALID__
146,Conservative,"My apologies for not being with you in person, Mr Speaker, but as you know, I am self-isolating at the moment. 
 The UK Government are fully committed to the requirements set out in the Belfast/Good Friday agreement in relation to the circumstances that require the Secretary of State to hold a referendum on a change in the constitutional status of Northern Ireland. It remains my view that the majority of the people of Northern Ireland continue to support Northern Ireland’s place in the United Kingdom.",Conservative Labour Scottish National Party Liberal Democrat,__INVALID__,Conservative Labour Scottish National Party Liberal Democrat,__INVALID__
269,Conservative,"More than 40% of the adult population of my constituency have now received a vaccination, which is a truly magnificent effort, but across Kirklees there was an uptick in covid cases last week. What message can the Health Secretary send to my constituents so that we can stay on track with the road map out of lockdown?",Conservative Labour,__INVALID__,Conservative Labour,__INVALID__
108,Conservative,"Don Valley appreciates all the work that the Prime Minister and his team are carrying out in response to the recent rise in cases of covid-19. That said, I must say to him that the blanket restrictions are affecting all people of all ages, immaterial of the actual risk posed to them. Will the Government therefore ask individuals to carry out a personal covid risk assessment, the results of which could determine whether someone needs to shield or can go about their daily lives. This will help boost the economy while protecting the vulnerable. After all, many people’s lives are being affected tremendously by these restrictions, especially the young, who, as we all know, are only young once.",Conservative Labour,__INVALID__,Conservative Labour,__INVALID__
183,Labour,"I presume the Government will win the vote tonight, especially if the Government Whip uses his pocket full of proxy votes, but frankly it is a pretty shabby day. The Leader of the House was at his arrogant and patronising worst in the way that he put the case. 
 I have to say that I am quite clear: being a party supporter and member in a parliamentary democracy is not a matter for regret or abuse; it actually shows civic mindedness, especially if someone joined the Labour party to bring about the change that has brought such an improvement in our public opinion standing. The slur is that somehow someone who is a party member, but particularly someone who is a Labour party member, is incapable of knowing right from wrong and is also incapable of exercising impartial judgment. I regard that as a completely unjustifiable slur, which discourages people from political activity. We vitally need many good people of all opinions to be involved in political activity. 
 I would prefer it if we widened our net in public appointments — I have always been quite clear about that — to include those with wider experience, unless they require specific scientific knowledge. Clearly, this appointment does not require that. It is about being able to know right from wrong. That is about understanding the world. Frankly, I would like to see nurses, electricians, care workers, bus drivers, company managers, engineers, doctors, farmers and even fund managers being invited to be lay members on many public bodies, rather than just those who seem to be on the merry-go-round. That says nothing about their individual qualities; it is about broadening the sphere. There is no proposal to do that in this motion. Those are not the current rules. As has been made clear several times — I should not have to reiterate it — these people applied under the current rules. I regret that this is another example of this Government, with a sizeable majority, riding roughshod over and using and abusing that majority. I am sure the Leader of the House knows full well what follows hubris.",Conservative Labour Scottish National Party Liberal Democrat,__INVALID__,Conservative Labour Scottish National Party Liberal Democrat,__INVALID__
127,Conservative,"My right hon. Friend knows that Teesside has a long history of exporting to Australia, including a small project known as the Sydney harbour bridge. Can she assure me that, as we leave the EU, Redcar and Cleveland, particularly the steel and chemical industry, will be at the forefront of her mind in future trade talks?",Conservative Labour,__INVALID__,Conservative Labour,__INVALID__
91,Labour,What recent discussions he has had with the Chancellor of the Exchequer on providing additional support to businesses affected by covid-19 lockdown restrictions in the run up to Christmas.,Conservative Labour Scottish National Party Liberal Democrat,__INVALID__,Conservative Labour Scottish National Party Liberal Democrat,__INVALID__
265,Labour,"With time short, I want to highlight just a few issues relating to the measures being debated today. I have always said that I will support any measures required that will successfully contain and minimise the devastating impact of this virus, but I hope it has become clear to the Government, after a weekend of discontent, that this country will not accept measures determined by stealth and communicated through press leaks in the night. Those affected by these measures are owed much greater respect than that. The leaks last Thursday evening caused widespread anxiety across Newcastle. People are fearing for their jobs, businesses are cancelling orders and preparing to batten down, suppliers are finding themselves left with goods that are no longer wanted and families are fearing that this might be their last chance to meet. This is no way to treat people who have already suffered so much as a result of the virus. 
 Everyone accepts that sacrifice is needed. The resolve that people have needed to make those sacrifices to protect the most vulnerable and support the NHS has been unwavering, but they must have confidence that their sacrifices are worth the pain and will actually bring the right results. That is why the Government’s approach has been so damaging. We cannot afford to lose the confidence of those we rely on to make this work. The Government need to be open, honest and transparent, and respectful to those who need to live with these restrictions. We saw a much better approach yesterday, and I hope the Government have learned and will not put people through that anxiety again. 
 I want to put on record my concern about whether these restrictions are necessary at all. There is a sense of inevitability about this, but the fact is that the UK is far from world-leading when it comes to handling this virus, despite its regular over-inflated claims. We need a functioning test, track and trace system, and we need support for those who are isolating. Also, we are not on top of asymptomatic transmission, and that is a major problem. It was needed last time and it is still needed now. 
 I have one more specific issue to raise. With no financial support being provided to hospitality businesses in tier 2, we have to know that these measures will work. By allowing restaurants to remain open in the tier 3 areas, despite closing the bars, the Government seem to have acknowledged that restaurants carry a lower level of risk. The effects of alcohol consumption on social distancing are well documented, but the situation where alcohol is served alongside a meal is clearly different. We are not talking nuts and crisps, but a meal, yet the blanket 10 pm curfew for all hospitality in tiers 1 and 2 does not account for the different transmission risk. It does not look after restaurants which, as the hon. Member for Thurrock (Jackie Doyle-Price) pointed out, can offer two sittings. There is no time for dessert or coffee. That sounds trivial, but it can be make or break for a restaurant business. The Government need to look again at lumping all hospitality businesses into the same restrictions. It does not work.",Conservative Labour,__INVALID__,Conservative Labour,__INVALID__
85,Conservative,"In Hyndburn and Haslingden — and, in fact, across Lancashire — we have some of the strongest people I have ever met. We will do everything we can to get our infection rate down, because that is what we do when times are tough: we come together. However, morale is low and mental health is suffering as people cannot see their families and some have been unable to see their loved ones in care homes since March. Will the Secretary of State outline what the Government are doing to mitigate that situation, and what steps are being taken to try to facilitate safe visits, given that there is no clear end date?",Conservative Labour,__INVALID__,Conservative Labour Scottish National Party Liberal Democrat,__INVALID__
180,Conservative,"Over the course of the past 15 months, the UK’s first Office for Veterans’ Affairs has spent every day trying to design a system to stop veterans who leave the military from falling through the panoply of services that are there. That includes working with the third sector, which has an enormously important role, and also with statutory provision, because we understand that, ultimately, this nation’s duties to its veterans should be ensured — not delivered — by the state. I am determined we will reach the goal that this will be the best country in the world to be an armed forces veteran.",Conservative Labour Scottish National Party Liberal Democrat,__INVALID__,Conservative Labour,__INVALID__
195,Labour,"The workforce and the management at Ellesmere Port have done everything that has been asked of them to keep that plant productive and efficient, but as my hon. Friend and next-door neighbour the Member for Ellesmere Port and Neston (Justin Madders) said, they are on tenterhooks waiting for a decision. I pay tribute to the right hon. Member for Tunbridge Wells (Greg Clark) for his excellent opening remarks. When he was Secretary of State, he kept all the parties involved, including MPs and the local council, Cheshire West and Chester. Will the Secretary of State do the same? We want to help him to get the right results?",Conservative Labour,__INVALID__,Conservative Labour Scottish National Party Liberal Democrat,__INVALID__
450,Conservative,"My hon. Friend makes an important point. Of course I would be happy to meet him to discuss this matter. I think that the Under-Secretary of State for Environment, Food and Rural Affairs, my hon. Friend the Member for Taunton Deane (Rebecca Pow), has already met him and others to discuss it, but we are of course happy to meet again.",Conservative Labour Scottish National Party Liberal Democrat,__INVALID__,Conservative Labour Scottish National Party Liberal Democrat,__INVALID__
170,Conservative,"The hon. Member for Wansbeck (Ian Lavery) and I share an ambition. We want to unite and level up across the whole UK, and that is the mission of this Government. I am afraid he is totally wrong in what he says about the roll-out of the vaccines. We are making sure that everywhere gets what they need for JCVI groups 1 to 4 by 15 February. That is what we are doing and will continue to do. I am delighted by his conversion to the vaccine. I seem to have read somewhere that he seemed a bit sceptical. There he goes smirking away. It is not a smirking matter. It is absolutely crucial. He should tell his constituents to get a vaccination.",Conservative Labour Scottish National Party Liberal Democrat,__INVALID__,Conservative Labour Scottish National Party Liberal Democrat,__INVALID__
367,Labour,"I do not intend to detain the House for very long, as I know that many of my colleagues want to speak in this very important debate, and for very good reason. 
 The revelations reported in the press these past weeks of private messages between the Chancellor and the former Prime Minister David Cameron, private drinks between Mr Greensill and the Health Secretary, and a private network of connections between favoured businesses and Government Ministers are an absolute disgrace and a scandal. Sadly, they are just the tip of the iceberg of the cronyism and sleaze that are rife in the Conservative party, which it has now allowed into the heart of our Government. Many small businesses in Hull have had to fight tooth and nail to access financial support during the pandemic, so it is insulting that corporations that can afford a former Prime Minister on the payroll can have cosy fireside chats with those at the very top of Government. 
 My constituents in east Hull expect better. They expect, whatever party is in power, that the Government should be run on the principles of honesty, decency and commitment to public service — not government by WhatsApp and billions of pounds of public money dished out to the Tory party’s friends and donors. That is why we cannot allow the Government to mark their own homework through a whitewash review whose findings we know before it has even begun. We need a full parliamentary inquiry to get to the bottom of this scandal — an inquiry with power and teeth that will give taxpayers and the many thousands of people whose livelihoods are at risk because of Greensill’s collapse the explanations and the justice that they fully deserve. Those with nothing to hide would have nothing to fear. 
 Government Members need to think long and hard about which way to vote today. Will they vote to sweep all this under the carpet in the hope that things will just move on, or will they do the decent thing, put standards in public life in this country before their party’s interest, and vote for transparency and fairness? I sincerely hope that we see some backbone from Government MPs when the Division bell rings.",Conservative Labour,__INVALID__,Conservative Labour,__INVALID__
403,Conservative,"Of course we keep all this under review but, as I have said several times throughout the afternoon, you have to keep your geographical area fairly coherent. I know that that causes a great deal of frustration for hon. Members and I have been hearing itt for weeks and months, but that is the way that we have to do it.",Conservative Labour Scottish National Party Liberal Democrat,__INVALID__,Conservative Labour Scottish National Party Liberal Democrat,__INVALID__
250,Conservative,"A month ago, my reasons for not supporting a second lockdown were that the measures represented a gross overreach of Government powers over our basic freedoms, that the tiers provided a more targeted response and needed more time, and that the information provided by Government was inadequate and unpersuasive. I made the following requests of the Government: to operationalise rapid testing on a community and venue basis; to put covid into context with other illnesses, so that they did not appear disappeared in terms of their importance; and to make available to Members of Parliament a full assessment of policy consequences before we are asked to make decisions. 
 In the intervening period, the Government have indeed progressed on many of those fronts. Thankfully, freedom of communal worship has been restored. Freedom to trade has been substantially restored. More needs to be done on freedom to associate. Rapid testing is being deployed, but more needs to be done, particularly to restore confidence in events, in the travel industry and in theatres. 
 The Government have been kind enough at last to give us the criteria and the data on the decisions about restrictions and we have had a stab at an impact assessment. I have to say to the Minister that the impact assessment has all the hallmarks of an essay crisis, with all possible factors raised, but few of them investigated with any rigour. This is important because for too long the decisions of Government have been in thrall to the medical profession alone, and the trade-offs of the medical profession are always likely to be more precautionary than the broader considerations of Members of Parliament. But we can work with this to help us inform our future decisions. 
 A month ago, I wrote to constituents to say: 
 “I am sure we are all irritated that restrictive measures are being proposed, but irritation is not a sufficient basis for a Member of Parliament to oppose them. 
 We are all irritated that perhaps some of us have been placed in higher tiers than we should have been. We are irritated that the geographies are broader than we think they should be. We are irritated that the Government have, in a sense, put us in a place where we are looking backwards rather than forward, but irritation is not a sufficiency for an alternative policy. We will be able to make tweaks, we will be able to make suggestions, but I return to my conclusion of a month ago that the continuation of the tiered approach is the right policy. We must, however, ask the Government to challenge clause 3.11 of the impact assessment, where they talk about the NHS being overwhelmed in terms of the loss of life, saying such a scenario is considered intolerable. The best way to do that is through scenarios of hospital occupancy to March being made available.",Conservative Labour,__INVALID__,Conservative Labour,__INVALID__
159,Conservative,"The mix of loans and grants will of course be driven by need and the ability to repay. Of the £300 million package, we estimate at this moment that £250 million will be loans and £50 million will be grants. However, the loans will be on preferential terms and will therefore have features of a grant in the early stages, such as payment holidays, so immediate repayment will not necessarily be expected. We all have skin in the game here, and the incentive is to get sport back up and running and on its feet and paying back some of those loans, because then we all benefit. 
 I can confirm that there are Barnett consequentials to this, as there are for other support packages. I cannot provide the hon. Gentleman with the details at the moment. I actually talked to Minister FitzPatrick this week, and I am sure we will do so again. How the money is spent is a decision for the devolved Administrations; sport is a devolved matter.",Conservative Labour,__INVALID__,Conservative Labour Scottish National Party Liberal Democrat,__INVALID__
256,Conservative,"Last month, the Eastbourne Royal National Lifeboat Institution rescued more than 30 migrants who had got into difficulty in the channel. I commend its sterling work. Its mission is simply to save lives at sea. I have every concern for those it rescued, but, as my hon. Friend has just outlined, there are serious concerns that this is pump-priming human traffickers, and the fact remains that people are putting themselves at risk. Can he outline to the House the work that is being undertaken with the French and with our European neighbours to intercept and close down human traffickers long before they reach the channel coast?",Conservative Labour,__INVALID__,Conservative Labour,__INVALID__
34,Conservative,"I thank the hon. Lady for her question. I know that arts and culture is massively important in Canterbury, which she represents. In fact, it has received over £245,000 of emergency funding so far from the Arts Council. We have listened to the sector at every stage of this terrible pandemic. I meet its representatives on an almost weekly basis, from right across entertainment, arts, culture and creative industries. ACE is currently processing over 4,000 applications for more than £880 million of grant funding. We are doing absolutely everything we can to support the sector.",Conservative Labour,__INVALID__,Conservative Labour Scottish National Party Liberal Democrat,__INVALID__
261,Conservative,"For the first time in a while, I am rather grateful for the right hon. Lady’s question, because it enables me to point out that of course I thoroughly support devolution, but that does not mean simply transferring power from Westminster to Cardiff. Devolution means getting decision making done at the closest possible level to where it matters, which is across Wales. That is why I have had conversations with local authorities and the Welsh Local Government Association about the shared prosperity fund, as well as with others, including the Welsh Government. They should be playing a much more active part in the decision making and prioritisation of SPF spending than they have done so far.",Conservative Labour,__INVALID__,Conservative Labour,__INVALID__
107,Scottish National Party,"I echo the comments of the shadow Leader of the House and of the right hon. Member for Staffordshire Moorlands (Karen Bradley), the esteemed Chair of the Procedure Committee, in calling for action to be taken in terms of Westminster Hall-style debates. May we have an assurance from the Leader of the House that, when an appropriate alternative to physically sitting in Westminster Hall is presented to him, he will immediately act to produce a motion to resume in some shape or form, following one of the alternatives that have been suggested? 
 We are almost a year on since we went into the first lockdown. Over that period, many support schemes have been announced by the Government that have been very welcome and needed by so many, but we still see millions excluded by this Government. Will the Leader of the House bring forward a debate or statement in Government time to outline exactly why this Government feel that these people are unworthy of support from them, especially with the Budget coming up? 
 Recently, my constituent Deborah Kayembe was named as Edinburgh University’s next rector. Deborah is an esteemed human rights lawyer and also a refugee, and shows us the benefits that refugees can bring to each of our communities. In the light of the Migration Advisory Committee’s saying that it is time to review the Government’s anti-family-migration rules, may we have a debate in Government time to consider the hugely positive contribution that refugees make to each of our nations and to give hope that, perhaps, some of the measures such as the minimum income requirement could be reviewed? 
 Like the shadow Leader of the House, I welcome the fact that today is International Day of Women and Girls in Science. With Midlothian a centre of scientific excellence, does the Leader of the House agree that promoting careers in science for women benefits us all, and will he ensure that time is allowed by the Government for us to celebrate that? I end by joining the Leader of the House and the shadow Leader of the House in wishing all a very happy Chinese new year.",Conservative Labour Scottish National Party Liberal Democrat,__INVALID__,Conservative Labour Scottish National Party Liberal Democrat,__INVALID__
224,Conservative,"I am afraid I have to say that, actually, the opposite is the case. We have just completed the wellbeing for education return “train the trainer” scheme. The trainers have been trained by the Anna Freud Centre and are ready to go out into schools across the country. It was always the position that schools should be open and the best place for children to receive help and support, for exactly the reasons that the hon. Member described: separation from their routine and their friends, and school being a place of safety. 
 Train the trainer has now completed. The Under-Secretary of State for Education, my hon. Friend the Member for Chelmsford (Vicky Ford), and I worked hard on that over the summer to ensure that the £8 million was there and the training was in place, ready to provide mental health and wellbeing support to children when they return to school. I am pleased to say that the last “train the trainer” scheme happened last week, and those involved are now ready to move into schools across the country.",Conservative Labour,__INVALID__,Conservative Labour,__INVALID__
302,Conservative,As deep as you want!,Conservative Labour Scottish National Party Liberal Democrat,__INVALID__,Conservative Labour,__INVALID__
175,Conservative,"It has been an interesting debate. As you well know, Mr Deputy Speaker, I thoroughly enjoy any debates in the House on military or veterans matters, and today has been another one. There have been some enthusiastic contributions, which is fantastic to see. Some of them were slightly light on detail and facts, but I am not going to work through correcting all of those because I understand the premise of the debate and I will respond to a couple of the points that have been made. 
 I would just gently say that we must never treat our service people in this country like they are stupid. For Members to claim that everything under a Labour Government has been okay and that the Conservative Government have slashed and burned the military is to treat people who serve and people in this country like they are stupid. It is fundamentally untrue. There have been challenges over the years, and the really uncomfortable and embarrassing truth for Opposition Members who are so loud is that I was actually fighting in the compounds in Afghanistan when the right hon. Member for North Durham (Mr Jones) was a Minister in the Department, and I can tell the House that it was a deeply unpleasant experience that was made more unpleasant by the management and leadership of the Department at the time. So I will take no lessons in party politics when it comes to what has happened with defence. 
 We all agree that strong armed forces are essential to the wellbeing of our nation. As the Minister for the Armed Forces, my hon. Friend the Member for Wells (James Heappey), mentioned, the reforms we have set out in our integrated review and in the Defence Command Paper will enhance, rather than reduce, the strength of our military to meet future threats. One of my hon. Friends who is no longer in his place talked about the strength of the military and what that strength actually is. I think it was someone rather unpleasant who said that mass had a force of its own, and I am not going to deny that. To deny it would be to scream at the weather. 
 I have huge sympathy with my right hon. Friend the Member for Beckenham (Bob Stewart), who I have had deep feeling for over a number of years. I have huge respect for his service and for what he did during his time, but it is a truth — a truism — that our people are now more capable and we can do more at reach for a longer period of time with greater strategic effect than we could 20 years ago. That is a truism of global conflict. I totally understand the frustrations, and I apologise to my right hon. Friend that nobody spoke to him before the decision was made on his sub-unit. I will go and investigate what happened there. But it is a truism that we can be more capable and achieve more with fewer individuals in uniform now. 
 As for the idea that the military is being cut, we have to be honest with the British people. Yes, there are going to be fewer people in the military, but we can now deploy at a far faster rate and at a far greater global reach, and that is what matters today. So yes, mass has a force all of its own, and you will find no Minister in the Defence Department who does not want more money for the Defence budget and more people in the military, but the reality is, as the Secretary of State has said a number of times, that we have to operate within the envelope of our ambition in this country when it comes to the military. In that context, it is a very good and exciting review, and I will come on to talk about the people, because I know that a number of Members raised issues around how people are treated. 
 I will, if I may, briefly pay tribute to some of the contributions. My right hon. Friend the Member for New Forest East (Dr Lewis) spoke on his traditional theme of CASD. The commitment of those who maintain the continuous at-sea deterrent is extraordinary, and it is a commitment not only from them, but from their families. If we think about what it means to go away on those boats for a prolonged period of time, we realise that separation without any contact is extraordinary, and their commitment endures year after year. We owe them a huge debt for the ongoing security they provide in this country. 
 The right hon. Member for Warley (John Spellar) again went on about all the mistakes Tory Governments have made over the years. I have addressed that. I think it is disingenuous, and I am not going to say any more on that. My hon. Friend the Member for Harwich and North Essex (Sir Bernard Jenkin) again talked about CASD and the commitment — ",Conservative Labour,__INVALID__,Conservative Labour,__INVALID__
326,Conservative,"It is a pleasure to serve with the hon. Gentleman on the Business, Energy and Industrial Strategy Committee, which he chairs. I am interested in his observations about the non-statutory powers since 2007-08. To what extent does he have evidence that the absence of statutory powers has had an impact on particular cases? That may be something he wants to speak about in more detail.",Conservative Labour Scottish National Party Liberal Democrat,__INVALID__,Conservative Labour Scottish National Party Liberal Democrat,__INVALID__
299,Labour,"The truth is that Ministers have set up a half-baked inquiry in response to this extraordinary scandal, without the powers to fully get to the bottom of this mess. Will the Minister at least commit to returning to this House to set out in full both the compensation arrangements and any financial implications for the future of the Post Office?",Conservative Labour Scottish National Party Liberal Democrat,__INVALID__,Conservative Labour,__INVALID__
387,Labour,"The Minister is insistent that there is a clear plan for reopening schools. Schools are largely open for those important children with additional needs and the children of key workers, but surely we must do more than hope for the best; we have to plan for the worst and let school leaders and governors know what these proposals consist of. If they do not know, they cannot plan and prepare for the eventuality of being told what the plan is by the Minister. Can we also have laptops delivered that are free of malware? All too many of the laptops delivered to schools in my vicinity — and not all schools have them yet, by the way — have had malware on them.",Conservative Labour,__INVALID__,Conservative Labour,__INVALID__
454,Conservative,"My hon. Friend is a great champion of the farming industry in her constituency and across Wales, and I can assure her that the Government are committed to securing future free trade agreements that will open up markets for farmers in Wales. Indeed, the United Kingdom-Japan free trade agreement is particularly beneficial, as it will protect Welsh lamb under the new agreement on geographical indicators. Sheep farmers such as Rhug Estate have already welcomed the opportunity to export their high-quality lamb to Japan.",Conservative Labour,__INVALID__,Conservative Labour Scottish National Party Liberal Democrat,__INVALID__
334,Conservative,"We must not forget that celebrities are people, too. They feel the anxiety and pressure to conform, too. That creates a vicious cycle. Spencer Matthews, very honourably, has spoken about the need to use steroids to bulk up and Laura Anderson has spoken about the need to manipulate her images put into the media so that they conform to a standard. Does my hon. Friend agree that that is part of the problem? There is a vicious cycle of trying to achieve something unobtainable.",Conservative Labour Scottish National Party Liberal Democrat,__INVALID__,Conservative Labour Scottish National Party Liberal Democrat,__INVALID__
307,Conservative,"My hon. Friend is right to raise this important issue. I am glad to say that we have more staff working in the NHS in Devon over the last year and we have increased the number of nurses nationally by over 14,000, but there are also those absent because of covid. I hope that regular testing will help to bring that number down; and then, of course, there is the vaccine, which I hope will solve this problem once and for all.",Conservative Labour Scottish National Party Liberal Democrat,__INVALID__,Conservative Labour Scottish National Party Liberal Democrat,__INVALID__
64,Conservative,"I believe we have, with £1.3 billion of extra funding next year for the Welsh Government to spend as they see fit on their devolved competencies, of which flooding is one. I am sure that the hon. Gentleman can raise that with the Welsh Government. We in England are doubling investment in flood defences over the next few years to over £5 billion, protecting over 300,000 homes, and the £1.3 billion of Barnett funding for Wales will enable that funding to go to where it is needed.",Conservative Labour Scottish National Party Liberal Democrat,__INVALID__,Conservative Labour Scottish National Party Liberal Democrat,__INVALID__
177,Labour,"I welcome the Secretary of State’s clear reference to the duty on him and welcome his personal work to learn of these harrowing cases; I totally agree that one journey made, particularly in an epidemic, is far too much. Does he agree that the United Kingdom seeks to be a beacon across the world for the rights of women and girls and supports many countries in access to healthcare, including abortions, and that the continued lack of this service within the United Kingdom is a stain on our reputation? I know that, as a strong Unionist, he is keen to assert that. Does he agree that getting this sorted now and working with Northern Ireland is critical to the future of the United Kingdom and the role that we want to play in the world?",Conservative Labour,__INVALID__,Conservative Labour,__INVALID__
74,Conservative,"I pay tribute to my right hon. Friend for the work that she has done in this area, both as a Back-Bench MP and as a Select Committee Chair, particularly on human rights and equality. I am very happy to see her personally. I am travelling shortly, so if she wishes to have that meeting before I return, the Europe Minister will happily meet her. I absolutely share my right hon. Friend’s emphasis on human rights and, more broadly, on standing up for civil society, given the pressures and the attack that they are undergoing right now in Belarus. That is why we have provided that additional £1.5 million to support them at this time.",Conservative Labour Scottish National Party Liberal Democrat,__INVALID__,Conservative Labour Scottish National Party Liberal Democrat,__INVALID__
331,Labour,"The Secretary of State’s Department is bringing forward further permitted development rights that will allow gyms, crèches and offices, as well as shops, banks and restaurants, to be converted into homes without going through planning permission. Has the Department conducted an impact assessment of how many cafés, pharmacies and corner shops will be lost from our high streets, never to return?",Conservative Labour,__INVALID__,Conservative Labour,__INVALID__
274,Liberal Democrat,rose — ,Conservative Labour Scottish National Party Liberal Democrat,__INVALID__,Conservative Labour,__INVALID__
222,Conservative,"I hope Hansard got a bit more of that than I did, but I think I got the fundamental point. We have made the right provisions to ensure that people can come to the House and can participate in our debates, and this is a further step on this road. Therefore, I fundamentally disagree with my right hon. Friend.",Conservative Labour Scottish National Party Liberal Democrat,__INVALID__,Conservative Labour Scottish National Party Liberal Democrat,__INVALID__
9,Conservative,"In December 2019, a report outlined that 216 individuals were being housed in short-term shelters in the Wakefield district. Prior to covid, homelessness and rough sleeping in the district had risen sharply, raising concerns about the safety and wellbeing of those who suffer this plight. What steps is my hon. Friend taking to increase the number of homes available for people who are currently homeless as part of the Government’s ambition to end rough sleeping by 2024?",Conservative Labour Scottish National Party Liberal Democrat,__INVALID__,Conservative Labour,__INVALID__
321,Conservative,"As I said earlier, I am in constant contact, as are my officials, with people who work in the domestic abuse sector and provide refuges. The Ministry of Housing, Communities and Local Government has provided advance funding ahead of the duty under the Domestic Abuse Bill coming into force — we hope, in April or May. We very much want to keep building this capability so that people have access to the services that the hon. Member set out.",Conservative Labour Scottish National Party Liberal Democrat,__INVALID__,Conservative Labour Scottish National Party Liberal Democrat,__INVALID__
106,Conservative,What steps his Department is taking to support the adult care sector during the covid-19 outbreak. ,Conservative Labour Scottish National Party Liberal Democrat,__INVALID__,Conservative Labour Scottish National Party Liberal Democrat,__INVALID__
405,Conservative,"Thank you, Madam Deputy Speaker — and let’s push those eight minutes, shall we? 
 It is a great pleasure to be in the Chamber today talking about COP26, because it really is the absolute key event this year.  We are going to get through covid, and we are already well along in the right direction due to the brilliance of various people in Government, in science and in the NHS, and many, many thousands of volunteers around the UK. That will free us and the world to focus on the real existential threat that we face, which is, of course, climate change. 
 I am delighted to follow my friend the hon. Member for Bristol North West (Darren Jones), under whose chairmanship the BEIS Committee has begun to expose some of the questions that we need to answer in the coming months. I am also delighted that we are working together on that, because one of the things I have discovered since taking the Chair of the Foreign Affairs Committee is how little of our international reach is exercised by the Foreign, Commonwealth and Development Office. I thought that the largest and most seminal conference absorbing our diplomatic network and shaping our diplomatic output for this year would be run by the Foreign, Commonwealth and Development Office, but it is not: it is run by the Cabinet Office, and run very ably by my right hon. Friend the COP26 President; I am delighted that he is supported so well by the Foreign, Commonwealth and Development Office. It was a bit of a surprise to me, but then again, I suppose I should not be surprised, because our Europe policy is also run by the Cabinet Office, and not even in this House, so perhaps I should expect our Americas policy and our Africa policy to be run by the Cabinet Office. Eventually, perhaps only our Scottish policy will be run by the Foreign, Commonwealth and Development Office, but that would be a great shame. Maybe that can bring us back to talking about the importance of focusing on the joined-up policy that we need to see. 
 While the Select Committees have come together and have been working together, it is also worth pointing out how well the Government have begun to work together. When the French started their process, it resulted in the Paris COP21 that everybody remembers. That was not only a success at the time, but with the election of President Biden, it has become a renewed success as Paris has just been signed up to again by the United States. It took them two years, hundreds of diplomats and a former Prime Minister to bring all that together. That work was really, really tough. What my right hon. Friend has picked up on is that he started later with fewer staff and in the middle of the covid pandemic, and that makes it really difficult. However, I can report from, if he will excuse me, spies in other camps that the pace at which he is producing results is already very well received. I am delighted to say that in conversations I have had with representatives from other countries — I am not going to name them, but they are people who have spoken to him in recent days and weeks — they have reported that he is certainly well on the way to delivering a result. 
 Of course, this is not just down to my right hon. Friend; it is also down to our partners around the world. Many people have heard me in this House condemning communism, but I have to tell the House that I have actually been working very closely with a communist in order to try to achieve some of the results that we are all trying to share. He is my opposite number and colleague in the Italian Parliament — Piero Fassino, the former communist mayor of Turin, who now chairs its foreign affairs committee, because this conference is of course being organised jointly with our Italian partners. We have all welcomed my right hon. Friend’s co-operation with them. 
 In the run-up to our going to that wonderful city of Glasgow — my favourite city in the north — later this year, I very much hope that we will get a chance to see some of the progress along the way. My friend, the hon. Member for Bristol North West, has set out many of the targets that we should be looking to, and I hope that he will be as co-operative in reporting back to this House and to Parliament generally to make sure that we can help to guide the process. This will be one of those moments when we can define the future — we can change policies not just in this country but around the world to make these aims possible. We need to be talking actively not just about carbon offshoring and carbon pricing but about how we transform the very nature of the societies in which we are working. The hon. Gentleman spoke about Antarctica and, indeed, other areas being made uninhabitable. We need this to be a policy that is not just led by the Cabinet Office but touches on every single aspect of Britain’s foreign policy. 
 Whatever happens with the aid budget — I know that many of us hope that 0.7% will be rather more respected than do others — what we decide to do in aid, in diplomacy and in how we structure our trade policy will have a direct consequence on whatever my right hon. Friend agrees with partners around the world. That is why I very much hope that his role, as he sees it, will not just be about a conference — not just about an event, a day and a moment — and not even just about a deal, although it is a hugely important deal. Actually, this will be about a change of structure, a new understanding and a new partnership that engages all of us and — yes — the Biden Administration, who have already demonstrated such interest, as well as our partners in the European Union, our partners in the Commonwealth and, indeed, those countries with whom we have often found it harder to work. If we do not get this right, we will feel the pain — it is true — but we will also see an increased salination of the rice fields of eastern China, an increased desertification of the many parts of the world that are already struggling, and an erosion of the ability of many communities to sustain. 
 This year, the World Food Programme was rightly awarded the Nobel peace prize — a well-earned prize. I was fortunate enough to speak to its director general, Governor David Beasley, who is an amazing individual and a great friend of our country. He pointed out what I think is well worth remembering: if we think that the migration crisis that we saw in 2015 out of Syria was something serious, just imagine the crisis that would be caused if my right hon. Friend the COP26 President and his friends and partners around the world were to fail in Glasgow. I hope he knows that he will have the support of the whole House, and he will certainly have the support of the Committees, as we try to help him to shape and achieve the results that we all need.",Conservative Labour,__INVALID__,Conservative Labour Scottish National Party Liberal Democrat,__INVALID__
451,Conservative,"I should declare an interest as a member of the Middlesbrough town deal board, of which I am very proud to be a part. 
 The towns fund is a great Conservative policy, targeting investment at proud communities that have not shared equally in our country’s success. It is a core part of levelling up — improving facilities, enhancing economic opportunity, unlocking private sector investment and boosting pride in place. We all want to have towns to be proud of. In the Tees Valley, that is no different for Middlesbrough, Thornaby, Hartlepool, Darlington or Redcar, all of which were invited to bid into the programme. 
 In my area, so much is going on locally to be positive about, from our free port bid — to be submitted shortly — to Teesside airport being saved and the regeneration of the Teesworks sites at Redcar by our Mayor, Ben Houchen. Indeed, only last week we had the wonderful news about the new Teesside vaccine against coronavirus. The only thing locally that is not positive is the Labour party. Earlier in the debate, we heard the hon. Member for Stockton North (Alex Cunningham) complaining about Stockton being disadvantaged, but Stockton received £16.5 million from the future high streets fund and Thornaby, as we heard, has its own town deal bid under way. So it is just nonsense to try to pretend that his borough is being disadvantaged. 
 Frankly, I want to be more positive. I pay tribute to all the council officers and business leaders giving their time and expertise to their local bids. In particular, I pay tribute to my hon. Friend the Member for Redcar (Jacob Young), who has been at the heart of the bid by his town; he cannot speak in this debate because of his role as a Parliamentary Private Secretary. 
 There is a lot for us to be excited about. We have £3.6 billion being invested — in a process approved by the independent civil service — to provide a major boost for left-behind communities like my home town. Helping the left behind used to be what the Labour party was all about; as it is, it is the Conservatives who are getting on with that job, and I am very proud of that. I am very grateful for the £20 million of future high streets funding announced in December for Middlesbrough and Loftus. I urge Ministers to show all possible speed in determining the outcome of Middlesbrough’s town deal bid, so that we can make our town a better place to live and work. 
 Looking ahead, I would be grateful if the Minister in his remarks will advise on where we stand on potential future competitive rounds of bidding for the towns fund and the future high streets fund, because that will make a massive difference to a number of communities. I think of places in my constituency such as Guisborough or Brotton, both of which have exciting proposals, which could be unlocked with the support of that fund. That is the kind of initiative we need to see more of. It is time we had less negativity from the Opposition Benches about us putting levelling up into practice, so that we can all move forward as one country, overcome the challenges of covid and build a better Britain for all of us.",Conservative Labour,__INVALID__,Conservative Labour,__INVALID__
105,Conservative,"I thank my right hon. Friend for his question, and it is a fair point. However, I would just say that we have had 18 months since that election, but this challenge has existed for 40 years — for 40 years — and our predecessors have not dealt with it. It is unrealistic to expect the Northern Ireland Office and the Prime Minister to have delivered on this by now, but they have made that commitment. I would slightly push back on this idea that the Northern Ireland Secretary is the roadblock, as my right hon. Friend has put to me before. That is not my experience, and I am engaged in this every day and I think on this matter every day. That is not fact; what is fact is that this is extremely difficult, but this Government will get it over the line. I am going to make progress now.",Conservative Labour Scottish National Party Liberal Democrat,__INVALID__,Conservative Labour Scottish National Party Liberal Democrat,__INVALID__
6,Labour,"The aftermath of the 2008 crisis saw not only weak levels of growth, but a fundamental shift in the character of our labour market. As the economy contracted and people lost their jobs, we saw low-pay zero-hour contracts in sectors where workers had far weaker trade union representation. Labour borrowing or spending did not cause the international crisis and the economic crash. No, the only organisations that could achieve that were the big banks that took huge risks in an unregulated global banking market, They did not think about the impact that such risks would have on our communities; they just thought about their profits and bonuses. 
 This false rhetoric about what happened has damaged towns, cities and many communities, leaving councillors with impossible decisions on what services to cut. I find it a bit insulting when I hear Members say, as some have done today, that those in the public sector have been protected from job losses. After 10 years of harsh service cuts, huge workloads and many vacancies — in nursing, for example, there are 40,000 current vacancies — a huge strain has been imposed on the hard-working public sector who do deserve a pay rise. It is no surprise that the gap between the super-rich and the poorest continues to grow. 
 Things are certainly not all rosy in the private sector. In 2008, 143,000 people were on zero-hour contracts. By 2016, that figure had reached nearly 1 million, and it has stayed at about that level ever since. Not only did the 2008 crisis force down wages, the insecure working conditions that it created made it harder to negotiate higher pay. Now, 13 years after the last economic crisis, total pay, adjusted for inflation, has finally returned to 2008 levels. 
 Today, some of the people most likely not to have been furloughed are those on low pay, or on zero-hour contracts. I was shocked to read in the latest Office for National Statistics labour market report that the net impact on recent job losses could see an increase in average pay of 1.5%. That is purely because the people on the lowest wages are the ones most likely to lose their jobs. When they do not lose their jobs, many are afraid to go off sick for fear that they will not have their hours renewed, or because statutory sick pay simply will not cover their rent and bills, or because they will not be entitled to statutory sick pay. Low pay and insecurity in our economy has created a perfect storm for transmitting the virus and the Government are failing to learn the lessons. There is a real human price to their ideology — whether it be children in poverty, food bank queues or homelessness.",Conservative Labour,__INVALID__,Conservative Labour,__INVALID__
376,Labour,"Britain should be a moral force for good in the world, but just as the US is stepping up, the UK is stepping back. If the Prime Minister and Chancellor are so determined to press ahead with their manifesto-breaking cuts to international aid — cutting the budget to 0.5% — they should at least put that to a vote in this House. Will he have the courage to do so?",Conservative Labour Scottish National Party Liberal Democrat,__INVALID__,Conservative Labour Scottish National Party Liberal Democrat,__INVALID__
434,Conservative,"My hon. Friend is a brilliant champion of connectivity for her constituency, and as a result, my right hon. Friend the Transport Secretary was in north Wales early this week, discussing plans to upgrade the A55 with the Welsh Conservative candidate standing in May’s election. We look forward to the final Union connectivity review recommendations ahead of the spending review, in which we will consider funding plans for delivering improved UK-wide connectivity. However, I must say to the hon. Lady that the fastest way for her constituents to secure upgrades to the A55 is to vote for a Welsh Conservative Government, who have pledged to end Labour’s neglect of north Wales.",Conservative Labour,__INVALID__,Conservative Labour,__INVALID__
352,Conservative,"I thank the hon. Member for that point, and I could not agree more. I was talking to the Under-Secretary of State for Scotland, my hon. Friend the Member for Banff and Buchan (David Duguid), about it recently, and it was exactly that point he highlighted. 
 That is exactly why, in February, when the Government announced 4,000 zero emission buses, I believe they should have been announced as hydrogen buses, because the economies of scale involved will revolutionise the transport sector. It is of paramount importance that we achieve cost parity between a hydrogen bus and a diesel bus, and at the moment such parity is predicted to happen this decade, but we would rather have that sooner than later, and if those 4,000 buses were hydrogen buses, I am told that the scales involved would mean parity with diesel buses. 
 In addition, it is essential that we reform the bus service operators grant to focus only on green fuels such as hydrogen, as we currently spend £600 million per year incentivising the running of diesel buses. Taking this decision would not cost the taxpayer a penny. We must also reform the renewable transport fuel obligation. A simple amendment to this would allow any existing renewable energy resource to be used, and again it would not cost the taxpayer any money. This would significantly increase private investment and stimulate the creation of new jobs in the production of green hydrogen for transport. 
 The HGV sector is the highest emitting of all commercial road transport with regards to absolute CO2 emissions. The majority of commercial vehicles in this category are still powered by diesel, and electrification, as I have mentioned, is not suitable for such heavy long-distance vehicles. Hydrogen-fuelled HGVs had been found to be a more cost-effective option in terms of the infrastructure costs, with a cumulative capital expenditure cost of £3.4 billion in 2016, compared with £21.3 billion for battery electric vehicles — so a lot cheaper. Hydrogen HGVs have already been trialled in the US and parts of Europe, and they are likely to be widely available in the 2020s. 
 On our railways, a hydrogen-powered train from the University of Birmingham recently travelled on Britain’s rail network for the first time. We are looking to lead the world in rolling out more hydrogen trains. In the aerospace sector, British company ZeroAvia has conducted the world’s first hydrogen-powered flight, over Bedfordshire, and in 2021 Aeristech will provide a fuel compressor that will make it possible to deliver the power output needed for even the heaviest industries and vehicles, such as aeroplanes. In shipping, UK shipbuilders are already working on cutting-edge zero-emission ferries, and we must increase our international co-operation on hydrogen to achieve the decarbonisation of routes globally. 
 Beyond transport, hydrogen can also be used to decarbonise home heating, given that home heating currently amounts to about 20% of national emissions. The UK is leading the way once again, with HyDeploy conducting the world’s first trial of a 20% hydrogen blend in the gas grid, H21 and H100 leading groundbreaking tests of 100% hydrogen in the gas grid, and Worcester Bosch and Baxi producing the world’s first hydrogen-ready boilers, so we are already developing this technology in this country. 
 UK innovation in hydrogen is further advanced by Johnson Matthey’s role as one of the global leaders in fuel cell development and components in transport. In fact, its technology ends up in roughly a third of fuel cells globally. I stress to the Government that this is an opportunity for us to corner the hydrogen market in the way that China has dominated the battery market. We can take a world lead on this, and we should — we have the right situation. 
 Another great British company is ITM Power, based in South Yorkshire, next to my constituency. It is involved in most hydrogen transport products in the UK, and it has indicated that it wishes to open a large hydrogen refuelling station and a network across the country. We must ensure that we have a strong domestic programme to support this, particularly in the bus and HGV sectors. If we act with pace and ambition, with collaboration between industry and Government, we can utilise our natural resources, technological know-how and innovative entrepreneurial spirit to spend taxpayers’ money more efficiently than our competitors and stimulate much greater private investment, economic growth and carbon reductions than any other country on the planet. 
 I have four policy asks of the Minister. The first is to set ambitious targets for the mass commercialisation of hydrogen technology. Hydrogen technologies across all categories have been used extensively in real-world situations across the world for many years. The opportunity now exists to set targets for mass deployment and commercialisation of these technologies across the UK over the coming decade, as other countries have already started doing. For example, Japan is aiming for 200,000 hydrogen fuel cell vehicles on the road by 2025 and 800,000 by 2030. It is also aiming for 1,200 hydrogen buses by 2030. South Korea is aiming for 100,000 hydrogen fuel cell vehicles on the roads by 2025 and 60,000 hydrogen buses by 2040. The world is waking up to hydrogen, and so should we. 
 The second request is to stimulate supply and demand in parallel. We can steal a march over other countries by setting inspirational, investment-stimulating goals for the production of hydrogen and do so in a manner that maximises the UK’s natural resources, academic skills, world-leading manufacturing and experienced workforce. The Prime Minister has set a target for a minimum of 5 GW of hydrogen production by 2030. Let us set ambitious demand-side targets for buses, trains and cars to ensure that we make full use of that. 
 The third ask is to focus initially on regional clusters — for example, in Rother Valley. The UK’s hydrogen economy must be built up step by step, and we cannot make this transition instantly. The Government should focus initially on regional clusters that are most suited to hydrogen production and usage and on technologies that can be implemented quickly, scaled up effectively and suit the local skills, geography and decarbonisation priorities. The announcement of a hydrogen transport hub in Teesside is welcome, and I hope that we will see more hydrogen hubs pop up soon — across the north but also in Scotland, Northern Ireland and Wales. 
 The fourth ask is to ensure that relevant Government Departments work collaboratively. Hydrogen policy covers many different Departments. It requires strong local leadership from metro Mayors, council leaders and local enterprise partnerships to be delivered. All the devolved Administrations are developing their own hydrogen strategies.",Conservative Labour,__INVALID__,Conservative Labour,__INVALID__
217,Conservative,"I note the ideological scorn of any private sector work, which I thought I had left the Labour party these days, but does not seem to have done. I share the hon. Gentleman’s veneration of local authorities, as a creature of local government myself, and that is why we have given an extra £3.7 billion to support local authorities in this crisis. As I told the House just now, there is a billion more to come.",Conservative Labour Scottish National Party Liberal Democrat,__INVALID__,Conservative Labour Scottish National Party Liberal Democrat,__INVALID__
228,Conservative,"I recently announced a £600 million package for the rail network across the north, including £589 million to upgrade and electrify the trans-Pennine route, which is part of a multibillion-pound programme for High Speed North.",Conservative Labour Scottish National Party Liberal Democrat,__INVALID__,Conservative Labour,__INVALID__
93,Labour,"The Home Secretary pays tribute to border staff, but they face risks working in close contact with arriving passengers and clandestine arrivals, particularly since the end of the transition period, without commercial-grade masks or personal protective equipment. What additional measures have been put in place to protect the staff that she rightly speaks so highly of?",Conservative Labour Scottish National Party Liberal Democrat,__INVALID__,Conservative Labour Scottish National Party Liberal Democrat,__INVALID__
288,Scottish National Party,What recent assessment he has made of the effect of his policies on living standards. ,Conservative Labour Scottish National Party Liberal Democrat,__INVALID__,Conservative Labour Scottish National Party Liberal Democrat,__INVALID__
72,Conservative,"I hear what the hon. Gentleman says and I do not disagree at all, but we have a problem in this country when a body like Somerset County Council, which wants to go unitary, has asked the Government to do a consultation using the citizen space, which is not a consultation — anybody in the world can take part. Surely a referendum is the only way to truly hear what the people of Somerset want to say — under the auspices of the Electoral Commission, so that we have proper democracy, proper accountability? Does the hon. Gentleman agree that that is the way that government should work? Is that not the way the House should work?",Conservative Labour Scottish National Party Liberal Democrat,__INVALID__,Conservative Labour Scottish National Party Liberal Democrat,__INVALID__
